Variable,Category,Positive,Total,Prevalence,Lower,Upper
Age,18-29,11,17,76.3,48.1,97.89999999999999
Age,30-39,99,220,52.5,44.800000000000004,60.5
Age,40-49,828,2523,37.9,35.699999999999996,40.1
Age,50-59,63,175,41.699999999999996,33.6,50.5
Age,60-69,37,114,37.4,27.900000000000002,48.3
Age,70-79,1,6,18.4,1.9,66.2
Age,80+,0,0,NA,0,NA
