Variable,Category,Positive,Total,Prevalence,Lower,Upper
Age,18-29,590,962,72.2,68.5,75.9
Age,30-39,1055,1872,66.2,63.5,68.89999999999999
Age,40-49,3089,6012,60.199999999999996,58.699999999999996,61.7
Age,50-59,12482,29869,48.699999999999996,48,49.3
Age,60-69,7590,20665,42.6,41.8,43.4
Age,70-79,130,327,46.2,40,52.7
Age,80+,3,5,70.6,26.1,100
