Variable,Category,Positive,Total,Prevalence,Lower,Upper
Age,18-29,6,6,100,81.39999999999999,100
Age,30-39,3,3,100,61.7,100
Age,40-49,261,286,100,100,100
Age,50-59,9,11,96.89999999999999,61.3,100
Age,60-69,5,7,84.39999999999999,41.6,100
Age,70-79,0,0,NA,0,NA
Age,80+,1,1,100,30.8,100
