Variable,Category,Positive,Total,Prevalence,Lower,Upper
Age,18-29,310,346,100,100,100
Age,30-39,481,535,100,100,100
Age,40-49,703,838,99.4,96.2,100
Age,50-59,3711,4680,93.8,92.4,95.19999999999999
Age,60-69,13364,17170,92.10000000000001,91.3,92.80000000000001
Age,70-79,16001,21209,89.2,88.5,89.9
Age,80+,339,479,83.6,78.5,88.3
