Variable,Category,Positive,Total,Prevalence,Lower,Upper
Age,18-29,0,0,NA,0,NA
Age,30-39,0,0,NA,0,NA
Age,40-49,1,2,58.599999999999994,9.700000000000001,100
Age,50-59,2,3,78.60000000000001,23.3,100
Age,60-69,11,12,100,76.2,100
Age,70-79,3,3,100,61.7,100
Age,80+,0,0,NA,0,NA
