Variable,Category,Positive,Total,Prevalence,Lower,Upper
Age,18-29,5,7,84.39999999999999,41.6,100
Age,30-39,5,32,17.1,6.6000000000000005,36.6
Age,40-49,155,237,77.10000000000001,69.6,84.1
Age,50-59,1,2,58.599999999999994,9.700000000000001,100
Age,60-69,0,1,0,0,86.3
Age,70-79,0,1,0,0,86.3
Age,80+,0,0,NA,0,NA
