Variable,Category,Positive,Total,Prevalence,Lower,Upper
Age,18-29,99,117,100,91.10000000000001,100
Age,30-39,127,177,84.8,76.3,92.10000000000001
Age,40-49,196,335,68.8,62.4,75
Age,50-59,362,842,50.1,46.1,54.2
Age,60-69,385,995,44.9,41.3,48.6
Age,70-79,11,39,32.300000000000004,18.2,51.1
Age,80+,1,2,58.599999999999994,9.700000000000001,100
